<?xml version="1.0" encoding="UTF-8"?>
<!-- Configuration status="<>" Whatever level we give here will display on 
	the console for log4j loading and running -->
<Configuration status="ERROR">
	<Appenders>
		<Console name="ConsoleAppender" target="SYSTEM_OUT">
			<PatternLayout
				pattern="%d{yyyy-MM-dd HH:mm:ss} %C:%M:%L - %m%n" />
		</Console>
	</Appenders>
	<Loggers>
		<!-- This will be the app log level -->
		<Root level="INFO">
			<AppenderRef ref="ConsoleAppender" />
		</Root>
	</Loggers>
</Configuration>